,movietitle,movieurl
0,肖申克的救赎,https://movie.douban.com/subject/1292052/
1,霸王别姬,https://movie.douban.com/subject/1291546/
2,阿甘正传,https://movie.douban.com/subject/1292720/
3,这个杀手不太冷,https://movie.douban.com/subject/1295644/
4,美丽人生,https://movie.douban.com/subject/1292063/
5,泰坦尼克号,https://movie.douban.com/subject/1292722/
6,千与千寻,https://movie.douban.com/subject/1291561/
7,辛德勒的名单,https://movie.douban.com/subject/1295124/
8,盗梦空间,https://movie.douban.com/subject/3541415/
9,忠犬八公的故事,https://movie.douban.com/subject/3011091/
10,海上钢琴师,https://movie.douban.com/subject/1292001/
11,机器人总动员,https://movie.douban.com/subject/2131459/
12,三傻大闹宝莱坞,https://movie.douban.com/subject/3793023/
13,楚门的世界,https://movie.douban.com/subject/1292064/
14,放牛班的春天,https://movie.douban.com/subject/1291549/
15,星际穿越,https://movie.douban.com/subject/1889243/
16,大话西游之大圣娶亲,https://movie.douban.com/subject/1292213/
17,熔炉,https://movie.douban.com/subject/5912992/
18,疯狂动物城,https://movie.douban.com/subject/25662329/
19,龙猫,https://movie.douban.com/subject/1291560/
20,无间道,https://movie.douban.com/subject/1307914/
21,教父,https://movie.douban.com/subject/1291841/
22,当幸福来敲门,https://movie.douban.com/subject/1849031/
23,怦然心动,https://movie.douban.com/subject/3319755/
24,触不可及,https://movie.douban.com/subject/6786002/
25,蝙蝠侠：黑暗骑士,https://movie.douban.com/subject/1851857/
26,控方证人,https://movie.douban.com/subject/1296141/
27,活着,https://movie.douban.com/subject/1292365/
28,乱世佳人,https://movie.douban.com/subject/1300267/
29,摔跤吧！爸爸,https://movie.douban.com/subject/26387939/
30,少年派的奇幻漂流,https://movie.douban.com/subject/1929463/
31,末代皇帝,https://movie.douban.com/subject/1293172/
32,寻梦环游记,https://movie.douban.com/subject/20495023/
33,指环王3：王者无敌,https://movie.douban.com/subject/1291552/
34,飞屋环游记,https://movie.douban.com/subject/2129039/
35,十二怒汉,https://movie.douban.com/subject/1293182/
36,鬼子来了,https://movie.douban.com/subject/1291858/
37,天空之城,https://movie.douban.com/subject/1291583/
38,何以为家,https://movie.douban.com/subject/30170448/
39,大话西游之月光宝盒,https://movie.douban.com/subject/1299398/
40,哈尔的移动城堡,https://movie.douban.com/subject/1308807/
41,天堂电影院,https://movie.douban.com/subject/1291828/
42,素媛,https://movie.douban.com/subject/21937452/
43,罗马假日,https://movie.douban.com/subject/1293839/
44,闻香识女人,https://movie.douban.com/subject/1298624/
45,辩护人,https://movie.douban.com/subject/21937445/
46,搏击俱乐部,https://movie.douban.com/subject/1292000/
47,死亡诗社,https://movie.douban.com/subject/1291548/
48,窃听风暴,https://movie.douban.com/subject/1900841/
49,教父2,https://movie.douban.com/subject/1299131/
50,哈利·波特与魔法石,https://movie.douban.com/subject/1295038/
51,狮子王,https://movie.douban.com/subject/1301753/
52,指环王2：双塔奇兵,https://movie.douban.com/subject/1291572/
53,我不是药神,https://movie.douban.com/subject/26752088/
54,两杆大烟枪,https://movie.douban.com/subject/1293350/
55,大闹天宫,https://movie.douban.com/subject/1418019/
56,指环王1：魔戒再现,https://movie.douban.com/subject/1291571/
57,飞越疯人院,https://movie.douban.com/subject/1292224/
58,美丽心灵,https://movie.douban.com/subject/1306029/
59,饮食男女,https://movie.douban.com/subject/1291818/
60,V字仇杀队,https://movie.douban.com/subject/1309046/
61,黑客帝国,https://movie.douban.com/subject/1291843/
62,钢琴家,https://movie.douban.com/subject/1296736/
63,本杰明·巴顿奇事,https://movie.douban.com/subject/1485260/
64,猫鼠游戏,https://movie.douban.com/subject/1305487/
65,看不见的客人,https://movie.douban.com/subject/26580232/
66,让子弹飞,https://movie.douban.com/subject/3742360/
67,海豚湾,https://movie.douban.com/subject/3442220/
68,情书,https://movie.douban.com/subject/1292220/
69,西西里的美丽传说,https://movie.douban.com/subject/1292402/
70,拯救大兵瑞恩,https://movie.douban.com/subject/1292849/
71,小鞋子,https://movie.douban.com/subject/1303021/
72,美国往事,https://movie.douban.com/subject/1292262/
73,音乐之声,https://movie.douban.com/subject/1294408/
74,穿条纹睡衣的男孩,https://movie.douban.com/subject/3008247/
75,致命魔术,https://movie.douban.com/subject/1780330/
76,七宗罪,https://movie.douban.com/subject/1292223/
77,低俗小说,https://movie.douban.com/subject/1291832/
78,沉默的羔羊,https://movie.douban.com/subject/1293544/
79,被嫌弃的松子的一生,https://movie.douban.com/subject/1787291/
80,蝴蝶效应,https://movie.douban.com/subject/1292343/
81,春光乍泄,https://movie.douban.com/subject/1292679/
82,禁闭岛,https://movie.douban.com/subject/2334904/
83,心灵捕手,https://movie.douban.com/subject/1292656/
84,布达佩斯大饭店,https://movie.douban.com/subject/11525673/
85,绿皮书,https://movie.douban.com/subject/27060077/
86,勇敢的心,https://movie.douban.com/subject/1294639/
87,剪刀手爱德华,https://movie.douban.com/subject/1292370/
88,阿凡达,https://movie.douban.com/subject/1652587/
89,天使爱美丽,https://movie.douban.com/subject/1292215/
90,海蒂和爷爷,https://movie.douban.com/subject/25958717/
91,摩登时代,https://movie.douban.com/subject/1294371/
92,加勒比海盗,https://movie.douban.com/subject/1298070/
93,致命ID,https://movie.douban.com/subject/1297192/
94,喜剧之王,https://movie.douban.com/subject/1302425/
95,断背山,https://movie.douban.com/subject/1418834/
96,幽灵公主,https://movie.douban.com/subject/1297359/
97,入殓师,https://movie.douban.com/subject/2149806/
98,杀人回忆,https://movie.douban.com/subject/1300299/
99,狩猎,https://movie.douban.com/subject/6985810/
100,阳光灿烂的日子,https://movie.douban.com/subject/1291875/
101,重庆森林,https://movie.douban.com/subject/1291999/
102,第六感,https://movie.douban.com/subject/1297630/
103,请以你的名字呼唤我,https://movie.douban.com/subject/26799731/
104,小森林 夏秋篇,https://movie.douban.com/subject/25814705/
105,消失的爱人,https://movie.douban.com/subject/21318488/
106,哈利·波特与死亡圣器(下),https://movie.douban.com/subject/3011235/
107,玛丽和马克思,https://movie.douban.com/subject/3072124/
108,7号房的礼物,https://movie.douban.com/subject/10777687/
109,红辣椒,https://movie.douban.com/subject/1865703/
110,爱在黎明破晓前,https://movie.douban.com/subject/1296339/
111,告白,https://movie.douban.com/subject/4268598/
112,一一,https://movie.douban.com/subject/1292434/
113,侧耳倾听,https://movie.douban.com/subject/1297052/
114,大鱼,https://movie.douban.com/subject/1291545/
115,小森林 冬春篇,https://movie.douban.com/subject/25814707/
116,阳光姐妹淘,https://movie.douban.com/subject/4917726/
117,射雕英雄传之东成西就,https://movie.douban.com/subject/1316510/
118,蝙蝠侠：黑暗骑士崛起,https://movie.douban.com/subject/3395373/
119,超脱,https://movie.douban.com/subject/5322596/
120,倩女幽魂,https://movie.douban.com/subject/1297447/
121,唐伯虎点秋香,https://movie.douban.com/subject/1306249/
122,甜蜜蜜,https://movie.douban.com/subject/1305164/
123,驯龙高手,https://movie.douban.com/subject/2353023/
124,菊次郎的夏天,https://movie.douban.com/subject/1293359/
125,恐怖直播,https://movie.douban.com/subject/21360417/
126,萤火之森,https://movie.douban.com/subject/5989818/
127,爱在日落黄昏时,https://movie.douban.com/subject/1291990/
128,幸福终点站,https://movie.douban.com/subject/1292274/
129,超能陆战队,https://movie.douban.com/subject/11026735/
130,无人知晓,https://movie.douban.com/subject/1292337/
131,借东西的小人阿莉埃蒂,https://movie.douban.com/subject/4202302/
132,神偷奶爸,https://movie.douban.com/subject/3287562/
133,风之谷,https://movie.douban.com/subject/1291585/
134,怪兽电力公司,https://movie.douban.com/subject/1291579/
135,玩具总动员3,https://movie.douban.com/subject/1858711/
136,上帝之城,https://movie.douban.com/subject/1292208/
137,血战钢锯岭,https://movie.douban.com/subject/26325320/
138,完美的世界,https://movie.douban.com/subject/1300992/
139,电锯惊魂,https://movie.douban.com/subject/1417598/
140,傲慢与偏见,https://movie.douban.com/subject/1418200/
141,时空恋旅人,https://movie.douban.com/subject/10577869/
142,喜宴,https://movie.douban.com/subject/1303037/
143,谍影重重3,https://movie.douban.com/subject/1578507/
144,岁月神偷,https://movie.douban.com/subject/3792799/
145,教父3,https://movie.douban.com/subject/1294240/
146,英雄本色,https://movie.douban.com/subject/1297574/
147,七武士,https://movie.douban.com/subject/1295399/
148,被解救的姜戈,https://movie.douban.com/subject/6307447/
149,疯狂原始人,https://movie.douban.com/subject/1907966/
150,真爱至上,https://movie.douban.com/subject/1292401/
151,三块广告牌,https://movie.douban.com/subject/26611804/
152,萤火虫之墓,https://movie.douban.com/subject/1293318/
153,心迷宫,https://movie.douban.com/subject/25917973/
154,哪吒闹海,https://movie.douban.com/subject/1307315/
155,纵横四海,https://movie.douban.com/subject/1295409/
156,功夫,https://movie.douban.com/subject/1291543/
157,爆裂鼓手,https://movie.douban.com/subject/25773932/
158,东邪西毒,https://movie.douban.com/subject/1292328/
159,达拉斯买家俱乐部,https://movie.douban.com/subject/1793929/
160,我是山姆,https://movie.douban.com/subject/1306861/
161,记忆碎片,https://movie.douban.com/subject/1304447/
162,贫民窟的百万富翁,https://movie.douban.com/subject/2209573/
163,天书奇谭,https://movie.douban.com/subject/1428581/
164,荒蛮故事,https://movie.douban.com/subject/24750126/
165,黑天鹅,https://movie.douban.com/subject/1978709/
166,头号玩家,https://movie.douban.com/subject/4920389/
167,花样年华,https://movie.douban.com/subject/1291557/
168,你的名字。,https://movie.douban.com/subject/26683290/
169,卢旺达饭店,https://movie.douban.com/subject/1291822/
170,雨人,https://movie.douban.com/subject/1291870/
171,头脑特工队,https://movie.douban.com/subject/10533913/
172,忠犬八公物语,https://movie.douban.com/subject/1959195/
173,人生果实,https://movie.douban.com/subject/26874505/
174,模仿游戏,https://movie.douban.com/subject/10463953/
175,釜山行,https://movie.douban.com/subject/25986180/
176,一个叫欧维的男人决定去死,https://movie.douban.com/subject/26628357/
177,黑客帝国3：矩阵革命,https://movie.douban.com/subject/1302467/
178,你看起来好像很好吃,https://movie.douban.com/subject/4848115/
179,无敌破坏王,https://movie.douban.com/subject/6534248/
180,未麻的部屋,https://movie.douban.com/subject/1395091/
181,恋恋笔记本,https://movie.douban.com/subject/1309163/
182,冰川时代,https://movie.douban.com/subject/1291578/
183,海边的曼彻斯特,https://movie.douban.com/subject/25980443/
184,二十二,https://movie.douban.com/subject/26430107/
185,虎口脱险,https://movie.douban.com/subject/1296909/
186,海街日记,https://movie.douban.com/subject/25895901/
187,哈利·波特与阿兹卡班的囚徒,https://movie.douban.com/subject/1291544/
188,雨中曲,https://movie.douban.com/subject/1293460/
189,房间,https://movie.douban.com/subject/25724855/
190,恐怖游轮,https://movie.douban.com/subject/3011051/
191,人工智能,https://movie.douban.com/subject/1302827/
192,新世界,https://movie.douban.com/subject/10437779/
193,魔女宅急便,https://movie.douban.com/subject/1307811/
194,惊魂记,https://movie.douban.com/subject/1293181/
195,海洋,https://movie.douban.com/subject/3443389/
196,哈利·波特与密室,https://movie.douban.com/subject/1296996/
197,疯狂的石头,https://movie.douban.com/subject/1862151/
198,罗生门,https://movie.douban.com/subject/1291879/
199,燃情岁月,https://movie.douban.com/subject/1295865/
200,奇迹男孩,https://movie.douban.com/subject/26787574/
201,穿越时空的少女,https://movie.douban.com/subject/1937946/
202,魂断蓝桥,https://movie.douban.com/subject/1293964/
203,终结者2：审判日,https://movie.douban.com/subject/1291844/
204,爱在午夜降临前,https://movie.douban.com/subject/10808442/
205,初恋这件小事,https://movie.douban.com/subject/4739952/
206,可可西里,https://movie.douban.com/subject/1308857/
207,完美陌生人,https://movie.douban.com/subject/26614893/
208,2001太空漫游,https://movie.douban.com/subject/1292226/
209,牯岭街少年杀人事件,https://movie.douban.com/subject/1292329/
210,阿飞正传,https://movie.douban.com/subject/1305690/
211,香水,https://movie.douban.com/subject/1760622/
212,绿里奇迹,https://movie.douban.com/subject/1300374/
213,小偷家族,https://movie.douban.com/subject/27622447/
214,猜火车,https://movie.douban.com/subject/1292528/
215,无耻混蛋,https://movie.douban.com/subject/1438652/
216,谍影重重2,https://movie.douban.com/subject/1308767/
217,谍影重重,https://movie.douban.com/subject/1304102/
218,新龙门客栈,https://movie.douban.com/subject/1292287/
219,战争之王,https://movie.douban.com/subject/1419936/
220,青蛇,https://movie.douban.com/subject/1303394/
221,源代码,https://movie.douban.com/subject/3075287/
222,地球上的星星,https://movie.douban.com/subject/2363506/
223,城市之光,https://movie.douban.com/subject/1293908/
224,浪潮,https://movie.douban.com/subject/2297265/
225,朗读者,https://movie.douban.com/subject/2213597/
226,血钻,https://movie.douban.com/subject/1428175/
227,步履不停,https://movie.douban.com/subject/2222996/
228,彗星来的那一夜,https://movie.douban.com/subject/25807345/
229,疯狂的麦克斯4：狂暴之路,https://movie.douban.com/subject/3592854/
230,色，戒,https://movie.douban.com/subject/1828115/
231,遗愿清单,https://movie.douban.com/subject/1867345/
232,大佛普拉斯,https://movie.douban.com/subject/27059130/
233,再次出发之纽约遇见你,https://movie.douban.com/subject/6874403/
234,小萝莉的猴神大叔,https://movie.douban.com/subject/26393561/
235,追随,https://movie.douban.com/subject/1397546/
236,东京物语,https://movie.douban.com/subject/1291568/
237,一次别离,https://movie.douban.com/subject/5964718/
238,聚焦,https://movie.douban.com/subject/25954475/
239,驴得水,https://movie.douban.com/subject/25921812/
240,黑鹰坠落,https://movie.douban.com/subject/1291824/
241,发条橙,https://movie.douban.com/subject/1292233/
242,我爱你,https://movie.douban.com/subject/5908478/
243,千钧一发,https://movie.douban.com/subject/1300117/
244,撞车,https://movie.douban.com/subject/1388216/
245,E.T. 外星人,https://movie.douban.com/subject/1294638/
246,四个春天,https://movie.douban.com/subject/27191492/
247,网络谜踪,https://movie.douban.com/subject/27615441/
248,梦之安魂曲,https://movie.douban.com/subject/1292270/
249,变脸,https://movie.douban.com/subject/1292659/
